{
  "accuracy": 58.2,
  "cv_mean": 57.78,
  "cv_std": 0.16,
  "feature_importance": {
    "atr": 0.21425892412662506,
    "rsi": 0.2006911337375641,
    "macd_hist": 0.19797536730766296,
    "stoch_rsi": 0.19404295086860657,
    "vol_ratio": 0.19303159415721893,
    "obi": 0.0,
    "cvd": 0.0,
    "vpin": 0.0,
    "liq_vol": 0.0,
    "funding": 0.0,
    "oi": 0.0,
    "sentiment": 0.0,
    "score": 0.0
  }
}