{
  "accuracy": 67.5,
  "cv_mean": 65.86,
  "cv_std": 3.15,
  "feature_importance": {
    "atr": 0.2644673832786208,
    "macd_hist": 0.20802177977765982,
    "rsi": 0.17785653568843823,
    "vol_ratio": 0.16462380528667175,
    "stoch_rsi": 0.14194547711928268,
    "trend": 0.029146962938992826,
    "bb_position": 0.013938055910333823
  }
}